x,y
-1.71311732176948,3.710043282205827
0.6631491441529578,4.444501399641972
1.1157227616737198,4.644133595090346
-1.4389515422785353,3.442540573111087
1.2446844353319455,5.497534634466717
-0.8309763335595657,1.8523896851591368
2.524225910240361,0.37945448710617735
1.6070383158098036,2.634242508373224
1.090490961979753,4.665577754548622
-1.6984921574451648,2.5625176987030174
0.6134108262706334,5.403987890792575
-0.9025081758007861,2.7742661670014828
1.661204031178789,4.413294842291935
1.3326761199419759,3.320031969590935
0.1597015506015771,4.350538183664915
-1.016342763154503,2.7174746708694837
2.7629626873309565,0.47788647287558805
2.1830253684215797,0.6102680845073511
0.24443842470648636,2.7501329853498806
-3.35452003422525,4.77592583655651
-1.0062346652659149,3.2325712726269793
1.3849881815892822,0.1538689751448239
1.0174527441177965,4.1353218624251395
1.8287968495428681,4.164278243666639
-3.556911819683876,1.9976261020610795
-0.47623798425566144,4.112321075255818
1.4760109588832764,-1.103399177064047
-2.214633544737704,1.623869934911702
-0.7547724813588027,3.944873941324939
-1.582367775107988,2.8213075126710656
1.395366274303909,2.9211680097988886
0.9857200971952335,5.911070771963642
-1.5648583193834265,2.659683788182206
0.6040129958627225,3.631077997151708
1.3232396881490953,-0.4221182350843258
2.526769442883663,0.9772435382781322
1.2969998360034567,4.939703178821143
2.3071996605717926,0.8093283092592747
2.6313858949207107,-0.5575967799418142
-3.1856666083628893,2.4877056576966847
1.2052658911064524,0.5286189360556433
-2.1140717373702236,2.566024223664282
-3.1185886188312333,3.2378158748025148
-0.9060676651405958,4.089543867941622
2.657073142930408,5.119227519896237
2.0835316912014434,5.38592919135436
0.3693706839548566,4.332434829895306
-0.5652455538374972,2.509835037866874
-0.07954098605624882,6.053046394532753
1.0361355786913462,4.576012035414193
0.4053801942336278,3.977320278059966
1.9356750016046178,0.6296518684763813
-2.1139682531634225,2.448811880262123
-1.6688043277693396,4.948933408901511
-1.6263906047311307,3.8360377018773426
-1.8449925871033845,1.4630554915471934
2.196123405601716,1.106626592518185
2.884040462835615,1.184518547586656
1.4952018134999419,4.116318447428195
2.315697052962535,6.010087585875915
-2.7277366374843837,1.705836506115323
-0.0435825742351017,3.0656872412717235
0.9509060730417057,4.689286010925766
1.5176830593640513,0.6835341031755305
1.7230038672846786,0.6822224001196031
-1.2691946932188538,3.4658417123610286
0.6685502084327155,0.9545994547182354
1.2337275185331351,1.9029783192242045
-1.492136516565736,1.4268386692433643
1.99385007664071,2.439672109422367
1.777155849290468,-0.6107397657590423
0.012592719187006773,5.252793881686413
0.5846318819970213,5.968124683079798
-1.886408139558493,3.25093256039589
-0.1512457454984386,5.0035286476971095
-1.4823585297368238,3.3623353599859835
1.6452882682672691,0.9133949030604879
4.0886455770546455,0.8596322234433584
1.1949170209893787,0.5862800618084891
-3.9201590274189724,3.4635698332565656
-2.092182816899326,2.484957854718414
1.1359536065748725,3.942184484860954
0.883373111932293,4.673325979192925
4.200097818810425,1.7476951982293092
2.5262165159114565,0.7432719618379136
1.7542626575200502,3.635838809082592
0.517583114970007,3.9095204559983223
-1.8551282031744223,3.05891573107825
0.2011669619972628,6.022845785237521
2.205273667268154,1.4691919531408326
-2.568523746493674,2.6368192353199986
-0.8544345124377367,1.8478318016497604
2.414409232508995,-1.5976698208460482
0.1925526442828014,3.782822629160416
3.12449433454995,1.1829120106703015
0.7350670446902527,5.025998083665145
1.3383775556062891,3.687458245602108
-1.6332516538376183,2.3057218777359574
-2.1459578631477196,1.8252125985484142
2.677652397396046,1.5229378892283423
1.7366730013047424,-0.3397925041382801
2.355771371469107,5.626210220358646
-1.9585942458290582,3.476204729842284
0.3710556755481391,3.9801894820619026
-1.6472354169235006,3.8878516867117594
-0.490908433722945,4.720291357421587
3.04496115773128,1.487401017588275
0.17035017347218695,4.651999575521726
-1.321420755704176,4.892044063344715
1.3896608246806958,2.2863767958039993
0.5165454547345093,3.241218361738219
-0.2988253499296811,2.297377995238179
0.8709508519725089,0.48223751560469874
-0.2069831692051456,3.6851790068482315
0.6276759428793379,4.031714851930588
1.375746988017378,4.60409422208523
2.001730694635466,3.1924440891301025
2.909746247666063,0.9764597771846086
-2.0656925564525928,1.9135749739687677
-1.5410179136642046,3.0627176128015234
1.5185848868274205,0.8503530932953451
1.6380311442513933,1.330996986334053
-0.9479209946652702,1.5043211935630152
1.3150530565865615,3.314326615922615
1.481574198435872,0.5401190270420189
0.03257240998611166,3.0257711839873123
-3.1072055383158528,3.323723276958446
0.3126156961710216,1.0675643970523825
-2.5410472411029748,2.26027228375478
1.5289415118579672,5.133773331858264
-1.274506478437239,2.0240710114965
1.1244489638268598,1.5110987263914013
0.7736127033485996,0.45367576491196215
0.713135687997833,1.29311619107602
1.581335359857687,4.67050298006539
1.7754699669042533,0.9853238095798419
1.966660249449989,0.30053320221204016
1.8313496543195256,4.167565839980462
1.1550737087822696,-0.4926303271619137
-1.0825364136076359,2.813388716202193
-1.649258743832394,3.941084487675549
-1.9237343822852377,2.6655623156670645
2.3209412443883406,4.119144890059169
0.985294189427252,0.44152894106911805
2.8264150721453,0.3117406259678046
0.6958727996318597,4.354336135455161
-2.1611342614925158,3.766816913805668
-2.7027781797836905,4.410199872989492
1.0613225159472726,0.9446122312728138
0.4040086080055022,4.91257729290024
2.019912985028132,-0.15362048802914097
-2.4676320427541647,4.007913022047553
-2.1497488762278576,4.300621610154341
-2.413863677137641,1.5932307546158946
1.6324515845062781,4.419871947130059
4.002179875785499,2.1005388144306893
2.7498790175251786,1.6388173985052952
1.566692193017832,1.2721087015732198
0.3511590047882661,4.169116241153486
-0.07236477815852571,5.114531165707159
0.5466210146936423,1.9638680208837302
-0.7694358755556326,2.693369539188269
-1.2798392912703598,2.116058686637148
-1.8732958414850533,3.0027986917184895
2.0371716925901806,4.141854975217274
-0.1671664200906653,5.1762443647906
2.0333740094738357,0.23343584165281694
-0.836907149741328,3.238545797058183
2.0399491489575814,1.2389002219375105
0.8916963026817741,1.1380094423522014
0.1772629056793935,2.521070506046856
2.6179758273573466,-0.544188230108136
-0.5593730930160163,6.059485183157001
3.092365929737686,1.8693203927710758
-0.9271592393931825,2.503234452683425
-0.8982925790253029,2.921276061510765
2.6711057058971237,3.0908041724201882
-3.0551992507109347,3.2664346891886797
0.28334561154571025,4.789111599611026
0.9523755544857266,1.6575903386993294
1.1637175588156694,5.182762460283731
-1.7678641964264752,1.9026720630101166
2.4389003791331687,1.506880891465158
3.8155885988585028,1.2487476503570707
3.4003036114751097,-0.9653228625742425
3.019049240135342,2.994858220309502
-2.174547962918519,2.186188571634453
1.0225457342628856,0.5036256196679463
1.1059092925912852,5.612633483715068
2.7069179023788412,5.636250639739372
-0.6882404765190321,3.2238507467542585
-1.789557639694982,2.2325392707026617
0.6306229638313041,1.4470051011344216
1.3321988236764208,0.2770688599627563
1.0147033327931565,1.6007419514769308
3.0692398513287342,-0.07427469758914418
-2.1425138211854002,4.411477977904008
2.8744285387162107,1.1831600536101088
1.2580310100323062,3.5351011620768378
1.4022298808156521,-0.34736389991761296
